Government Relations,العلاقات الحكومية,
Government Relations Dashboard,لوحة العلاقات الحكومية,
Outside KSA Leave Center,مركز إجازات خارج السعودية,
Employee Travel Profile,ملف سفر الموظف,
Clearance Center,مركز المخالصات,
Payment Center,مركز السداد,
Ticket Center,مركز التذاكر,
Employee Government Profile,الملف الحكومي للموظف,
Government Request,الطلب الحكومي,
Employee Visa,تأشيرة الموظف,
Government Payment Request,طلب السداد الحكومي,
Employee Clearance,مخالصة الموظف,
Employee Clearance Item,بند مخالصة الموظف,
Employee Custody,عهدة الموظف,
Travel Ticket Request,طلب تذكرة طيران,
Leave End Date,تاريخ انتهاء الإجازة,
Government Relations Settings,إعدادات العلاقات الحكومية,
Visa Pricing Rule,قاعدة تسعير التأشيرة,
Sponsorship Transfer Pricing Rule,قاعدة تسعير نقل الكفالة,
Sponsorship Transfer Request,طلب نقل الكفالة,
Outside KSA Leave,إجازة خارج السعودية,
Issue Exit Re-entry Visa,إصدار تأشيرة خروج وعودة,
Extend Exit Re-entry Visa,تمديد تأشيرة خروج وعودة,
Cancel Exit Re-entry Visa,إلغاء تأشيرة خروج وعودة,
Sponsorship Transfer,نقل الكفالة,
Issue Iqama,إصدار إقامة,
Renew Iqama,تجديد إقامة,
Final Exit,خروج نهائي,
Passport Update,تحديث الجواز,
Work Permit Renewal,تجديد رخصة العمل,
Government Payment,سداد حكومي,
Submitted,تم الإرسال,
Under Review,تحت المراجعة,
Government Processing,قيد الإجراء الحكومي,
Waiting Payment,بانتظار السداد,
Paid,تم السداد,
Issued,تم الإصدار,
Completed,مكتمل,
Rejected,مرفوض,
Cancelled,ملغي,
On Hold,معلق,
Requested,مطلوب,
Waiting Approval,بانتظار الموافقة,
Posted to GL,تم الترحيل للأستاذ العام,
Pending Finance Clearance,بانتظار مخالصة المالية,
Pending Asset Clearance,بانتظار تسليم العهد,
Pending HR Clearance,بانتظار اعتماد الموارد البشرية,
Pending Government Clearance,بانتظار اعتماد العلاقات الحكومية,
Cleared,تمت المخالصة,
Approved,معتمد,
Sent to Qiwa,تم الإرسال إلى قوى,
Employee,الموظف,
Employee Name,اسم الموظف,
Company,الشركة,
Branch,الفرع,
Department,القسم,
Designation,المسمى الوظيفي,
Nationality,الجنسية,
Identity Type,نوع الهوية,
Iqama Number,رقم الإقامة,
Iqama Issue Date,تاريخ إصدار الإقامة,
Iqama Expiry Date,تاريخ انتهاء الإقامة,
Iqama Status,حالة الإقامة,
Passport Number,رقم الجواز,
Passport Issue Date,تاريخ إصدار الجواز,
Passport Expiry Date,تاريخ انتهاء الجواز,
Passport Status,حالة الجواز,
Current Sponsor,الكفيل الحالي,
Qiwa Balance,رصيد قوى,
Current Exit Re-entry Visa,تأشيرة الخروج والعودة الحالية,
Visa Status,حالة التأشيرة,
Status,الحالة,
Completion Progress,نسبة إنجاز الطلب,
Completion Percent,نسبة الإنجاز,
Visa Expiry Date,تاريخ انتهاء التأشيرة,
Outside KSA,خارج السعودية,
Last Exit Date,تاريخ آخر خروج,
Expected Return Date,تاريخ العودة المتوقع,
Actual Return Date,تاريخ العودة الفعلي,
Latest Clearance,آخر مخالصة,
Leave Application,طلب الإجازة,
Destination Country,دولة السفر,
Destination City,مدينة / وجهة السفر,
Exit Re-entry Required,مطلوب خروج وعودة,
Expected Travel Date,تاريخ السفر المتوقع,
Government Request,الطلب الحكومي,
Visa Request,طلب التأشيرة,
Payment Request,طلب السداد,
Payment Request Status,حالة طلب السداد,
Visa Payment Request,طلب سداد التأشيرة,
Visa Amount,قيمة التأشيرة,
Open Main Request,فتح الطلب الرئيسي,
Ticket Request,طلب التذكرة,
Linked Ticket Payment Request,طلب سداد التذكرة المرتبط,
Ticket Payment Request Status,حالة طلب سداد التذكرة,
GRO Status,حالة العلاقات الحكومية,
Finance Status,حالة المالية,
Clearance Status,حالة المخالصة,
Ticket Status,حالة التذكرة,
Return Status,حالة العودة,
Departure Airport,مطار المغادرة,
Arrival Airport,مطار الوصول,
Airport Code,رمز المطار,
Airport Name,اسم المطار,
Saudi Airport,مطار سعودي,
Late Return Stage 1,متأخر عن العودة,
Late Return Stage 2,تأخير جسيم,
Late Return Stage 3,تحويل للتحقيق / النظر في الفصل,
No Active Visa,لا توجد تأشيرة نشطة,
Active,نشطة,
Expired,منتهية,
Missing,مفقود,
Expiring Soon,تنتهي قريبًا,
Valid,سارية,
Draft,مسودة,
Request Type,نوع الطلب,
Linked Visa,التأشيرة المرتبطة,
Linked Payment Request,طلب السداد المرتبط,
Linked Ticket Request,طلب التذكرة المرتبط,
Linked Clearance,المخالصة المرتبطة,
Clearance Amount,قيمة المخالصة,
Custody Amount,قيمة العهدة,
Parent Request,الطلب الأب,
Assigned To,مسند إلى,
Request Date,تاريخ الطلب,
Due Date,تاريخ الاستحقاق,
Priority,الأولوية,
Government Platform,المنصة الحكومية,
Government Reference No,المرجع الحكومي,
External Link,الرابط الخارجي,
Amount,المبلغ,
Remarks,ملاحظات,
Attachment,مرفق,
Execution Logs,سجل التنفيذ,
Documents,المستندات,
Visa Number,رقم التأشيرة,
Visa Type,نوع التأشيرة,
Entry Type,نوع الدخول,
Minimum Days,الحد الأدنى لعدد الأيام,
Maximum Days,الحد الأقصى لعدد الأيام,
Duration Days,عدد الأيام,
Issue Date,تاريخ الإصدار,
Expiry Date,تاريخ الانتهاء,
Payment Type,نوع السداد,
Visa Price,قيمة التأشيرة,
Ticket Amount,قيمة التذكرة,
Employee Qiwa Balance,رصيد الموظف في قوى,
Company Payable Amount,المبلغ المطلوب على الشركة,
Payment Account,حساب السداد,
Cost Center,مركز التكلفة,
Payment Reference,مرجع السداد,
Payment Date,تاريخ السداد,
Journal Entry,قيد اليومية,
Receipt Attachment,مرفق الإيصال,
Clearance Type,نوع المخالصة,
Total Financial Liability,إجمالي الالتزامات المالية,
Total Asset Liability,إجمالي التزامات العهد,
Total Leave Settlement,إجمالي تسوية الإجازات,
Total Liability,إجمالي الالتزامات,
Clearance Items,بنود المخالصة,
Custody Type,نوع العهدة,
Asset,أصل,
Description,الوصف,
Issue Date,تاريخ الإصدار,
Expected Return Date,تاريخ الإرجاع المتوقع,
Return Date,تاريخ الإرجاع,
Estimated Value,القيمة التقديرية,
Amount Due,المبلغ المستحق,
Departure Date,تاريخ الذهاب,
Return Date,تاريخ العودة,
Airline,شركة الطيران,
Booking Reference,مرجع الحجز,
Ticket Number,رقم التذكرة,
Ticket Amount,قيمة التذكرة,
Ticket Attachment,مرفق التذكرة,
Transfer Direction,اتجاه النقل,
New Sponsor,الكفيل الجديد,
Qiwa Request No,رقم طلب قوى,
Outside KSA Leaves Today,إجازات خارج السعودية اليوم,
Employees Outside KSA,الموظفون خارج السعودية,
Pending Payments,طلبات السداد المعلقة,
Pending Tickets,طلبات التذاكر المعلقة,
Pending Clearances,المخالصات المعلقة,
Expired Passports,جوازات منتهية,
Expired Iqamas,إقامات منتهية,
Late Return Cases,حالات التأخر في العودة,
Pending Payment Requests,طلبات السداد بانتظار التنفيذ,
Outside KSA Center,مركز إجازات خارج السعودية,
No data,لا توجد بيانات,
Blocked / Missing Requirements,موقوف بسبب متطلبات ناقصة,
Passport is expired for this employee.,الجواز منتهي لهذا الموظف.,
Passport or Iqama is expired for this employee.,الجواز أو الإقامة منتهية لهذا الموظف.,
Open Travel Profile,فتح ملف السفر,
Generate Clearance Items,توليد بنود المخالصة,
Outside KSA Leave Workflow Report,تقرير دورة إجازة خارج السعودية,
Employees Outside KSA Report,تقرير الموظفين خارج السعودية,
Late Return Report,تقرير التأخر في العودة,
Visa Payment Report,تقرير سداد التأشيرات,
Ticket Request Report,تقرير طلبات التذاكر,
Clearance Liability Report,تقرير التزامات المخالصات,
Passport Expiry Report,تقرير انتهاء الجوازات,
Iqama Expiry Report,تقرير انتهاء الإقامات,
Sponsorship Transfer Payment Report,تقرير سداد نقل الكفالة,
Government Expenses GL Summary,ملخص مصروفات العلاقات الحكومية بالأستاذ العام,
Settings and Pricing,الإعدادات والتسعير,
Sponsorship Transfers,نقل الكفالة,
Open Settings,فتح الإعدادات,
Open Sponsorship Transfers,فتح نقل الكفالة,
New Transfer,طلب نقل جديد,
Visa Pricing Rules,قواعد تسعير التأشيرات,
Sponsorship Transfer Pricing Rules,قواعد تسعير نقل الكفالة,
Default Company,الشركة الافتراضية,
Currency,العملة,
Departure Offset,إزاحة تاريخ الذهاب,
Return Offset,إزاحة تاريخ العودة,
Late Return Stage 1,المرحلة الأولى للتأخر,
Late Return Stage 2,المرحلة الثانية للتأخر,
Late Return Stage 3,المرحلة الثالثة للتأخر,
Current Sponsor,الكفيل الحالي,
Qiwa Request,طلب قوى,
Transfer Request,طلب نقل الكفالة,
New Visa,تأشيرة جديدة,
Ticket Pricing Rules,قواعد تسعير التذاكر,
Ticket Class,درجة التذكرة,
